{
    "thailand": 1593.8008757101093,
    "pakistan": 1646.2034321738183,
    "france": 1406.135101184395,
    "morocco": 1509.2543875216352,
    "peru": 1564.8980911764882,
    "iceland": 1628.1298361869751,
    "mongolia": 1404.5115273633003,
    "saudi_arabia": 1445.4871083999285,
    "usa": 1340.1265284558733,
    "guatemala": 1504.397587589031,
    "indonesia": 1515.8430661061661,
    "new_zealand": 1640.4785731577076,
    "germany": 1419.1641338585903,
    "rwanda": 1346.9250154863203,
    "china": 1642.8416135449895,
    "singapore": 1441.5252731925893,
    "ethiopia": 1587.8817754556776,
    "netherlands": 1571.8674859866924,
    "switzerland": 1474.3793872746664,
    "kazakhstan": 1385.303900515905,
    "panama": 1423.2333981696813,
    "canada": 1444.1439222263166,
    "philippines": 1493.7682232454265,
    "south_korea": 1444.9444313266035,
    "mexico": 1477.0849492740945,
    "brazil": 1685.203806307573,
    "oman": 1459.6798937692301,
    "india": 1531.9286685766826,
    "uk": 1527.6749359547166,
    "vietnam": 1476.1789966330407,
    "serbia": 1535.390660274598,
    "uae": 1431.6134139011774
}